568,11,Flop,Average,Hit,SuperHit,BlockBuster,,,,,
260,650422,111841,203,413,92620000,8.3,12000,8,666,933,3
157,400176459,215340,1862,706,4000000,8.2,16000,7.7,995,1284,4
213,33754967,291875,2509,533,2777000,8.1,14000,7.4,1689,1622,3
242,10462500,387508,3442,1123,878000,8.6,23000,7.9,1462,3221,3
206,9644124,275720,1844,706,3180000,8.6,41000,8,1103,1975,2
54,30000000,9808,1373,90,8250000,7.2,1000,7,64,1266,1
153,8000000,80193,2496,333,730000,8.1,3000,7.6,343,2166,2
74,8500000,11047,683,116,1250000,7.1,1000,6.7,84,679,2
377,84785914,301279,36928,589,65000000,7.7,12000,7.3,2080,57495,2
232,20710513,90827,332,329,160000,7.9,26000,7.4,457,423,2
350,392616625,348010,44061,1535,37000000,5.2,19000,5.8,3688,39308,3
470,786636033,333847,14959,2054,185000000,6.2,5000,5.7,2558,27000,3
137,6673422,23767,71973,111,25000000,5.7,845,5.2,128,57272,0
345,160388063,208422,3632,342,85000000,7,3000,6.5,1555,3329,3
128,50650079,31645,1865,109,60000000,4.9,792,5.2,381,1617,0
645,1004558444,1676169,57802,4667,185000000,9,37000,8.3,12269,69000,4
366,269958228,561773,17347,871,33000000,8.2,28000,7.8,3181,32799,4
67,7400000,8087,1003,33,40000000,7.1,1000,6.5,53,1058,1
486,585174222,696338,39252,1055,140000000,7.9,10000,7.4,8951,41000,3
266,631744560,307029,12754,360,130000000,7.6,6000,6.9,3231,12583,3
238,609841637,145974,26002,611,52000000,6.3,10000,6.4,1435,25896,3
309,226830568,483756,16461,974,25000000,7.9,29000,7.2,4444,15481,3
324,54586584,136673,13189,281,20000000,7.6,10000,7.1,628,13486,2
362,333932083,459346,13333,822,150000000,7.8,23000,7.3,3398,33919,3
180,244082376,116681,4811,320,60000000,7.1,11000,6.9,1392,3627,3
225,2260712,84817,27507,145,230000,7.1,22000,6.9,756,27307,2
418,377910544,641997,820,1017,15000000,8,13000,7.6,2918,764,3
421,521311860,718837,2975,1043,180000000,8.4,16000,7.8,6439,2726,4
42,6230276,11011,4484,78,7000000,4.6,422,4.8,48,2664,0
33,132900000,20567,1609,36,97250400,5.1,291,5,486,1353,1
275,96408652,198111,19894,365,15000000,7.2,14000,6.7,1050,30833,3
202,168167691,232710,14727,599,55000000,7.7,26000,7.5,2092,13960,3
300,34533783,307639,173,513,15000000,8,32000,7.4,1414,607,2
264,113020255,199056,12840,387,55000000,7.8,14000,7.3,1151,28502,3
486,319131050,885175,36741,1527,70000000,8.3,42000,7.9,6598,51000,4
310,124596398,143121,647,279,60000000,7.7,10000,7.3,1432,848,3
408,735099082,665575,2635,704,175000000,8.3,27000,7.8,7048,2110,4
82,57881056,16580,3423,55,45000000,5.4,916,5.3,254,2267,1
228,267045765,89351,2480,214,105000000,7.1,5000,6.7,1293,2018,3
262,33965843,131831,1044,231,2000000,8.2,33000,7.8,638,1160,3
415,524028679,477300,23996,621,90000000,7.6,20000,7,5883,22706,3
300,31556061,92712,24805,294,16000000,5.1,6000,5.3,858,24712,1
331,60722734,376600,54075,494,7500000,7.7,40000,7.2,2993,51464,3
375,933959197,321795,58753,973,250000000,7.5,10000,7.4,5435,46282,3
334,459270619,583341,17623,626,35000000,7.8,24000,7.2,6324,16025,3
214,101229792,114925,568,234,39000000,7.1,13000,6.7,815,518,3
445,102391382,386217,28011,553,23600000,7.7,26000,7.2,3655,28192,2
308,93525586,125114,2369,593,65000000,6.7,16000,6.6,1101,1742,3
355,27635305,177401,23566,504,32000000,7.3,32000,6.8,1113,22214,3
219,20645327,121432,14127,310,33000000,6.8,10000,6.5,783,14083,2
107,443140005,31649,5227,98,75000000,4.5,2000,5.3,688,3084,2
451,185258983,392474,2530,1229,130000000,7.7,18000,7,2892,2144,3
518,385680446,504419,39284,1559,150000000,8,19000,7.4,4574,52981,3
472,210819611,531737,2639,1262,30000000,8,22000,7.3,3451,3202,3
263,48428063,111117,1594,245,30000000,7.1,13000,6.6,1291,1506,2
183,42333295,63108,15251,330,10000000,5.9,15000,5.8,451,14837,2
415,9760104,260607,19404,485,5000000,7.9,47000,7.6,1831,18944,2
185,413106170,130272,54039,209,150000000,5.9,2000,5.9,2026,53189,3
397,90810892,158354,5642,691,30000000,6.6,11000,6.2,995,3828,2
160,22852638,56338,41359,215,14000000,6.5,4000,6.2,355,40813,2
197,29536299,52852,6317,138,17000000,6.7,4000,6.2,296,5432,2
230,16633035,55665,2633,118,15000000,6.9,10000,6.7,366,2310,2
216,126690726,217480,22517,429,53000000,7.4,21000,7.2,1522,20436,3
367,769653595,283418,2144,1055,200000000,5.8,13000,5.6,4994,2554,3
55,5837674,6263,1059,33,23000000,6.9,765,6.5,58,821,1
299,709827462,220758,64040,919,50000000,4.6,13000,5.6,2518,50129,3
261,309208309,223127,3389,420,29000000,7.7,38000,7.2,1626,2228,3
333,100086793,87677,1738,388,100000000,6.8,11000,6.4,580,1672,1
723,2787965087,886204,4834,3054,237000000,7.9,33000,7.2,12114,2791,4
493,252276927,240962,25964,724,38000000,7.7,36000,7.2,1701,26538,3
233,321887208,172754,46120,187,130000000,7.3,13000,6.7,1968,43096,3
179,271430189,181443,28497,311,80000000,6,12000,6,1746,27221,3
316,167805466,149947,25780,326,100000000,6.8,18000,6.3,1193,34000,2
304,543513985,385943,11608,296,69000000,7.7,31000,7.1,6595,10250,3
378,154026136,280228,14296,420,37000000,7.6,29000,7,1516,14206,3
188,140073390,65785,4286,160,80000000,7,16000,6.5,715,3230,3
445,97009150,202800,3030,752,1500000,6.8,60000,6.8,1775,2058,3
265,170432927,189806,20233,316,100000000,6.7,16000,6.1,1406,20392,2
307,211780824,272789,23018,285,65000000,6.6,25000,6.2,1737,22531,2
210,42345360,69759,8532,235,12000000,8,27000,7.7,237,8568,2
280,318502923,118951,2857,1382,150000000,4.2,18000,4.7,1180,2102,2
556,224920315,479453,10555,696,40000000,7.7,74000,7.1,3492,31430,3
225,572809,56402,2423,209,2000000,6.3,17000,6.3,537,1522,1
87,1755212,60460,4377,104,14000000,7.7,14000,7.4,426,2639,1
324,591794936,294810,2036,387,260000000,7.8,29000,7.4,3419,1651,3
469,400062763,264186,25549,665,170000000,6.8,30000,6.3,2895,23364,3
669,327803731,551363,38072,1140,13000000,8,106000,7.3,4562,36000,3
235,215283742,124185,13388,238,150000000,6.1,11000,5.9,1526,13014,2
262,74952305,276746,16982,264,8000000,7.1,19000,6.7,2282,16511,3
246,4270000,55982,1269,148,967686,7.3,17000,7.1,428,954,2
377,16566240,141425,35941,283,3500000,7.4,25000,6.9,911,35926,2
424,274470394,270226,46355,741,80000000,6.5,57000,6,2977,57000,3
390,24145613,92237,20258,366,20000000,7.2,25000,6.7,656,19082,2
171,7871522,55382,13145,129,2000000,8.3,63000,7.7,287,13260,2
453,623933331,522371,48638,723,200000000,7,18000,6.6,6969,48000,3
450,35692920,279179,11984,440,18000000,7.6,63000,7,2668,11865,2
293,698491347,184637,52547,498,68000000,4.9,29000,5.9,2382,48171,3
642,825532764,1468200,81115,2803,160000000,8.8,175000,8.1,14075,101000,4
451,1025491110,306336,79957,736,200000000,6.5,24000,6.4,4773,89000,3
325,157107755,227072,44797,560,80000000,6.9,20000,6.6,2207,43117,3
297,134748021,84118,1579,245,70000000,6.3,13000,5.8,504,1512,2
343,310669540,211765,3244,546,200000000,6.7,17000,6.2,1434,2511,2
306,335154643,222403,16149,453,150000000,6.6,23000,6.2,2372,15982,3
410,93617009,275869,23811,389,25000000,7.9,36000,7.2,1512,24116,3
288,494878759,485430,20453,492,165000000,8.2,33000,7.5,4319,19967,3
453,1066969703,544884,19085,733,200000000,8.3,30000,7.6,4710,16846,3
321,278731369,176606,55175,374,100000000,6,25000,6,1744,54207,3
315,71664962,238916,24928,328,58000000,7.1,32000,6.6,2858,24481,2
178,136150434,67978,1978,279,20000000,5.6,12000,5.8,758,1419,2
283,261930431,148280,12731,348,117000000,6.3,11000,5.9,1583,12296,2
213,204594016,63493,20440,302,60000000,5.7,26000,5.8,655,20453,2
239,51148651,146364,11799,237,30000000,7.4,27000,6.9,927,11688,2
479,414211549,503631,15732,636,15000000,8,64000,7.6,2817,15520,3
490,294804195,786092,29585,964,80000000,8.1,53000,7.8,6559,46386,4
393,47664559,273921,12687,522,60000000,7.5,36000,7.2,2185,12719,2
265,64572262,139184,1272,243,36000000,6.4,12000,5.9,911,1242,2
447,96188903,435864,2357,801,28000000,7.7,36000,7.1,4747,2331,3
228,415686217,106446,764,227,155000000,6.3,11000,6.2,1555,822,3
344,232713139,229687,18003,637,125000000,5.8,15000,5.6,2280,16105,2
486,17693675,145395,15230,375,6500000,7.3,23000,7,897,14624,2
252,51070807,117999,27834,181,40000000,6.6,16000,6.3,1066,27471,2
317,23057115,332276,29692,514,25000000,8.2,77000,7.7,1297,28528,2
108,7448385,34809,2085,125,41000000,6.2,11000,5.6,252,1668,1
284,665692281,182718,21015,209,150000000,7.3,20000,6.7,1925,21105,3
576,133432856,190030,4606,583,15000000,8,30000,7.3,1075,2926,3
539,260095987,287822,3388,849,50000000,7.1,37000,6.6,2496,15977,3
161,35387212,55008,2462,93,19000000,6.3,21000,6,335,2036,2
408,77278331,203111,16606,755,25000000,6.8,32000,6.4,1476,15772,2
398,165184237,75176,1336,252,45000000,7.1,26000,6.5,509,1178,3
481,4105187,148221,1445,316,1100000,7.6,51000,7.3,1076,1740,2
152,160078586,89568,661,142,45000000,6.3,17000,6,1026,496,2
221,59389433,106111,17627,181,15000000,7,49000,7,1006,16450,3
382,334615000,338635,22403,412,125000000,7.5,39000,7,3971,22133,3
584,54674226,136367,13021,975,32000000,6.7,39000,6.5,1009,12687,2
257,120081841,111003,36873,199,50000000,7.1,22000,6.5,928,33488,3
419,110206216,283563,53094,312,50000000,7.6,27000,7,1409,51152,3
392,84606030,102728,36258,279,35000000,6.6,16000,6,766,51363,2
291,89162162,91151,15369,283,42000000,5.4,20000,5.7,958,13221,2
435,89792502,197584,7067,918,82000000,6.1,42000,5.9,1661,6826,2
327,299268508,254841,22254,426,110000000,7.1,36000,6.6,2749,21662,3
189,187361754,67191,2820,108,55000000,6,14000,5.7,775,2116,2
549,177243185,205284,9578,439,20000000,7.3,22000,6.7,956,10008,3
360,173930596,304318,34011,463,40000000,6.7,52000,6.7,3512,33487,3
251,205703818,76828,2371,314,5000000,5.8,24000,5.9,685,1477,3
304,559852396,101178,4482,283,200000000,6.3,10000,5.8,2088,3182,3
510,370569774,508818,19761,679,140000000,6.9,46000,6.6,7174,16394,3
362,245724603,183208,43291,337,135000000,7.2,26000,6.6,2094,42502,3
448,1045713802,370704,54083,484,380000000,6.7,58000,6.4,5068,52252,3
676,78054825,431578,34337,1264,15000000,7.8,81000,7.4,3832,33973,3
261,19560274,64794,3569,131,6000000,7.3,17000,6.8,378,3561,2
288,15395087,34488,2452,136,30000000,6.9,15000,6.3,291,2616,1
238,150483765,270228,20956,194,35000000,6.6,41000,6.5,2306,19010,3
345,27462041,80617,23755,190,15000000,6.5,36000,6.2,589,23691,2
420,97138686,104119,4486,518,40000000,6.2,26000,6.1,930,3428,2
349,130786397,210548,17151,332,30000000,6.9,29000,6.5,1288,15843,3
180,82087155,65044,561,173,35000000,5,13000,5.6,987,772,2
383,254455986,375879,16143,402,80000000,6.5,56000,6.2,3836,15611,3
172,563749323,66593,692,153,110000000,5.5,31000,5.5,1201,674,3
399,3964682,82331,2011,297,14350531,6.6,18000,6.3,748,1724,1
440,371940071,177383,4631,447,130000000,7.4,44000,6.7,2095,17716,3
327,39187783,270441,39807,378,8000000,7.7,40000,7,1287,36129,2
284,226904017,138190,16691,405,75000000,6.1,30000,5.7,898,16985,3
516,449326618,536314,60059,738,150000000,7,63000,6.6,6678,58000,3
342,97552050,192462,390,334,40000000,7,42000,6.5,1825,393,3
358,24922237,85024,1393,242,17000000,6.4,23000,6,617,1116,2
310,142851197,375456,57426,292,50000000,7.4,44000,7,2522,55043,3
487,151119219,301149,1289,509,30000000,7.7,78000,7.4,2049,12004,3
432,694713380,365104,21768,512,145000000,7.4,35000,6.8,4026,21353,3
529,482860185,403836,13118,646,93000000,7.6,47000,7,4452,12860,3
522,147332697,379462,16034,571,32000000,7.5,56000,7.1,2752,15846,3
682,185770160,245333,36017,678,170000000,7.5,42000,7,2197,51000,3
277,157887643,83788,3074,227,47000000,5.9,20000,5.9,892,1957,2
272,748453,37495,1249,230,3000000,6.1,37000,5.7,213,1181,1
240,484635760,165333,12071,186,90000000,7,19000,6.5,2213,12017,3
436,219851172,223393,17657,550,200000000,5.6,24000,5.1,2551,16952,1
386,35057696,71679,17204,216,6400000,7,17000,6.6,418,15982,2
18,30905,6025,2924,15,930000,5.7,995,5.3,66,2230,0
340,117000000,353442,18669,387,35000000,6.9,31000,6.4,2341,18619,2
110,47088990,35514,5024,114,18000000,7.1,15000,6.9,355,3598,2
377,303025485,202382,26679,751,209000000,5.9,44000,5.5,2141,25159,2
656,232324128,452465,3133,695,44500000,7.7,89000,7.1,3473,2310,3
233,877244782,145321,25354,139,95000000,6.6,14000,6.2,2731,23936,3
375,201585328,408302,19968,345,42000000,7.2,39000,6.7,4151,18907,3
444,31724284,108683,12306,561,5000000,5.3,25000,5,1580,12604,1
377,471222889,272534,4451,345,165000000,7.8,40000,7.1,4656,2805,3
411,77712439,155153,2239,524,3000000,6.8,58000,6.8,1611,2132,3
414,145000000,204327,2054,471,15000000,7.1,32000,6.6,1965,1927,3
645,1021103568,637246,9152,1367,250000000,7.9,166000,7,8427,6745,3
765,425368238,955174,40978,1193,100000000,8.5,199000,7.8,10297,56265,4
214,196114570,145852,18322,164,30000000,6.8,32000,7,1328,17663,3
526,245527149,199039,80849,479,150000000,6.2,82000,5.7,2383,86000,2
703,1519557910,995415,87697,1722,220000000,8.1,123000,7.4,12000,66000,4
462,284139100,212204,1873,738,260000000,6.6,24000,6.1,2170,2277,2
451,624026776,268154,12572,341,225000000,6.8,40000,6.3,4228,11722,3
775,403170142,456260,24098,2326,130000000,7,97000,6.3,5152,22641,4
195,13551174,48162,25804,140,14000000,6.2,10000,6,381,25009,1
322,829000000,185394,59177,329,120000000,5.5,65000,6.1,2641,50386,3
813,1084939099,1144337,106759,2701,250000000,8.5,164000,7.6,9263,95000,4
223,115350426,213898,12676,250,17000000,7.2,36000,7.3,2310,11533,3
401,19422261,185845,4757,284,15000000,7.2,52000,6.7,1224,4176,2
457,549368315,471644,21773,623,50000000,7,74000,6.3,4811,22000,3
432,41037742,203461,578,588,50000000,7.1,46000,6.6,1971,574,2
371,180274123,145270,7099,322,42000000,7.6,54000,7,2071,6837,3
216,81272766,57996,146,349,12000000,6.5,15000,6.3,420,137,2
539,205738714,533607,72115,692,21000000,7.8,117000,7,4840,70737,3
211,746921274,119213,2444,154,145000000,6.9,17000,6.4,1857,2092,3
258,46221189,125198,362,153,42000000,6.6,11000,6.2,936,262,2
634,66486080,277172,29551,986,30000000,7,66000,6.6,2314,27818,3
538,275293450,197412,25517,720,65000000,7.4,71000,6.7,1456,38481,3
673,691210692,701607,49942,1959,75000000,7.3,140000,6.9,9634,48953,3
382,183018522,70838,11454,208,85000000,5.6,18000,5.5,1148,10458,2
256,358375603,164148,37142,168,85000000,7.1,28000,6.8,2622,34266,3
360,59418613,61995,712,356,75000000,5.9,33000,6,392,840,1
589,47042000,428916,37387,667,30000000,7.4,75000,6.6,4777,36502,2
558,132820716,216032,2759,640,40000000,7.4,39000,6.7,1723,2304,3
599,752215857,451803,28489,1225,215000000,7,56000,6.5,6734,26427,3
285,88058786,104005,1050,248,35000000,6.2,18000,5.6,909,779,2
229,100000000,157051,2043,261,12000000,6.7,29000,6.5,1624,1747,3
750,1108561013,522048,2039,1498,200000000,7.8,80000,6.9,7718,1839,4
416,396600000,228554,72881,710,170000000,6.1,53000,5.8,3183,54274,3
234,1165882,20376,5158,166,1500000,5.1,15000,5.1,244,2446,1
552,609016565,440084,2121,755,120000000,8,122000,7.2,5912,1473,3
242,160112671,117096,5861,271,70000000,6.4,24000,6.1,1885,5675,2
364,33400000,351274,13631,457,13000000,8,131000,7.7,3056,11989,2
358,376141306,238671,16410,461,45000000,6.3,63000,6.1,2783,15611,3
383,312573423,246803,57881,474,100000000,6.7,108000,6.1,2940,52165,3
488,538983207,273556,5005,428,185000000,7.2,39000,6.7,4760,3894,3
162,54819301,25484,6137,189,30000000,5.1,13000,4.9,143,2692,1
370,35287788,73886,4774,165,39000000,7,25000,6.6,951,15652,2
256,306941670,123553,20645,174,145000000,7.3,25000,7.1,1981,20528,3
436,276572938,229823,12175,504,130000000,6.7,31000,6,2683,11637,2
232,53909751,78974,3479,141,30000000,6.2,11000,5.7,466,2862,2
387,218340595,226583,16385,448,60000000,7,38000,6.3,3046,14188,3
339,82966152,104301,1948,269,45000000,6.5,28000,6.2,784,1616,2
488,441809770,243834,46204,845,61000000,7.6,144000,7.2,1925,44000,3
511,130482868,284825,22686,828,102000000,7.5,124000,6.6,3031,21670,2
265,68267862,104072,2486,207,68000000,5.7,15000,5.3,899,1831,1
241,156974557,147641,29808,238,65000000,6.3,18000,5.9,1411,28888,2
328,107139399,72287,13597,176,60000000,7,12000,6.7,808,11498,3
221,1969193,55567,23187,144,20000000,6.9,20000,6.4,368,22717,1
449,161772375,264047,20952,491,31000000,7.3,64000,6.5,2449,19858,3
509,958400000,483540,9152,951,250000000,7.9,83000,7.6,4633,6745,3
450,89289910,181792,45757,711,255000000,6.5,48000,5.9,2361,43563,1
265,131940411,156898,20148,172,61000000,6.7,22000,6.6,1611,19131,3
231,60052138,67796,3580,258,60000000,6.2,14000,5.6,1017,2542,1
433,17654912,91082,3798,274,12000000,7.8,28000,7.4,648,3195,2
606,392000694,780588,46057,1138,100000000,8.2,138000,7.9,6768,61000,4
183,174578751,86627,10882,204,90000000,5.9,28000,5.9,1685,9961,2
538,251171807,358416,83012,751,40000000,7.3,63000,6.8,2868,71737,3
302,98337295,125305,17551,343,38000000,6.4,39000,6.2,2066,15951,2
351,371876278,146352,31958,288,130000000,5.8,42000,5.4,3045,30143,2
597,187000000,439176,4251,695,20000000,8.1,83000,7.9,3787,3160,4
349,243843127,158720,14168,744,130000000,4.9,37000,5,2579,11837,2
361,89328627,139329,3708,578,3000000,5.7,31000,6,2498,2352,2
180,32438988,79146,41059,352,6000000,4.3,25000,4.5,816,37000,1
427,46089287,185587,278,401,20000000,7,49000,6.7,1820,1256,2
511,318000141,300110,9049,807,13000000,7.5,131000,7.4,3169,7657,3
418,126041322,310540,38751,669,32000000,6.7,97000,6.2,2394,37133,2
406,1274219009,421658,2582,904,150000000,7.6,58000,7.3,5440,2082,3
590,467365246,395573,21411,1171,190000000,7.8,92000,7.4,4479,34909,3
338,197687603,106416,1766,205,195000000,6.3,22000,5.5,2634,1676,2
336,71009334,80861,27797,431,25000000,5.3,24000,5,724,25000,2
283,63464861,99430,517,182,8000000,7.4,43000,7.3,1285,608,3
319,149295601,203963,1261,420,40000000,7.6,58000,7.4,1549,1588,3
733,662845518,548573,20495,2536,225000000,7.2,118000,6.5,6462,18748,4
274,87100449,202341,1595,391,12000000,7.8,105000,7.8,2140,1919,3
150,18000000,28573,3004,87,13000000,5.7,5000,5.5,307,2589,2
195,4235151,30479,822,162,1000000,7.8,16000,7.3,226,821,2
216,95020213,66511,16911,200,40000000,7.5,28000,6.8,795,15139,3
306,970761885,286877,11905,284,76000000,7.5,56000,7,4729,10275,3
454,122126687,383591,37321,620,46000000,8.1,86000,7.9,3183,36777,3
218,150962475,116994,20965,324,175000000,6.3,35000,5.9,1357,20029,1
450,63372757,148334,18469,274,30000000,7.1,29000,6.4,1340,17954,2
412,304654182,165618,15481,503,92000000,5.3,66000,5.2,3519,14475,2
203,43058898,82804,39989,154,22000000,6.5,15000,6.4,898,37837,2
452,116980662,184641,337,326,35000000,6.9,81000,6.4,2698,457,2
405,11176469,95362,328,270,3000000,7.9,62000,7.3,583,251,2
169,248384621,64387,848,85,78000000,6.5,15000,6.4,936,819,3
359,82394288,108248,20051,371,30000000,5.9,39000,5.8,1505,19642,2
203,268426634,85833,14552,113,100000000,6.7,17000,6.4,1143,14348,3
212,90565421,107028,10247,457,60000000,6,44000,6.2,1649,8091,2
286,122915111,177653,15708,279,50000000,6.7,34000,6.7,1688,14686,3
384,117698894,447979,13312,629,75000000,7.3,105000,7.3,5635,13206,3
486,644571402,414070,59803,532,170000000,7.1,63000,6.8,4873,58230,3
211,44907260,46480,36009,115,40000000,6.4,12000,6,437,35873,2
120,5496951,43879,16355,133,27220000,6.4,11000,6.1,473,13905,1
654,531865000,465019,32392,995,200000000,7,129000,6.7,5683,29395,3
224,46216641,90046,28479,141,35000000,6.2,17000,5.7,1467,27564,2
146,10501938,19586,676,109,18000000,4.4,4000,4.9,248,613,0
502,847423452,498397,49355,706,130000000,7.6,82000,7.4,6656,49031,3
270,158674180,133177,4825,380,43000000,6.6,24000,6.5,1595,2715,3
393,90247624,312629,37206,475,38000000,8.1,83000,7.7,2310,38471,3
608,1215439994,557489,30426,1187,200000000,7.2,95000,6.8,8951,29000,3
535,32935319,96233,4082,313,11000000,7.4,26000,7.2,845,4547,2
350,60700000,202967,19168,378,28000000,6.6,36000,6.3,2275,18397,2
405,112544580,117719,19809,306,35000000,7.5,39000,7.3,1256,17927,3
257,585178928,150618,43286,195,135000000,7.3,28000,6.8,2447,43016,3
358,161025640,203154,31782,698,70000000,6.5,45000,6.2,3010,30837,2
543,97542952,125016,673,789,17000000,6.5,70000,6.4,1754,803,2
575,407602906,381148,19166,1106,180000000,7,83000,6.7,4903,17887,3
153,78378744,50337,34319,177,20000000,3.5,13000,4.6,813,32609,2
339,205366737,164238,18204,434,150000000,6.4,33000,6.3,1910,18583,2
415,99206215,150082,1353,384,18000000,7.3,36000,7,1126,12080,3
232,2365467,36494,13607,118,4000000,6.9,11000,6.5,346,13455,2
168,48065672,60407,2730,84,13000000,5.9,11000,5.7,748,1603,2
490,351040419,362933,29769,753,105000000,7.3,115000,7.3,3885,30585,3
211,27330000,21223,301,108,35000000,7.1,13000,6.5,225,305,2
289,269994119,316671,3425,301,37000000,7,35000,6.8,3053,2141,3
238,42930462,64748,15800,122,35000000,6.5,12000,5.8,1155,13903,2
491,95000000,323353,16281,527,55000000,7.9,65000,7.6,2495,16242,3
224,8555008,29282,36337,105,28000000,6.2,11000,5.7,368,36589,1
574,47351251,355126,19359,748,23000000,8,148000,7.9,4215,19233,3
276,23198652,115813,8375,216,4600000,7.4,22000,7.1,695,8106,2
488,86758912,181472,12286,514,39200000,7,58000,6.7,2910,12539,3
304,115922175,87665,20035,323,25000000,7.2,41000,7.2,1134,17202,3
525,491868548,175413,73441,511,200000000,6.4,60000,5.7,3576,70000,3
326,125537191,184561,12908,554,110000000,6.7,123000,6.6,2354,12216,2
298,63327201,92461,1300,347,44000000,5.9,43000,6,1859,1447,2
471,55198285,326494,17738,340,5000000,8,65000,7.9,2973,15108,3
376,743559607,235025,14863,265,200000000,7.3,44000,7,3622,13576,3
393,146497771,134869,1949,304,15000000,6.2,57000,6,1452,1717,2
539,286168572,387436,22004,892,120000000,7,71000,6.4,4862,22364,3
476,286140700,338087,17689,814,115000000,6.6,61000,6.4,3510,16662,3
349,224803475,159868,11946,304,50000000,6.1,45000,5.7,3290,11062,3
738,716392705,582917,87,1885,105000000,7.8,147000,7.3,5879,75,4
495,705717432,321227,28631,1067,200000000,6.7,41000,6.5,4274,26289,3
490,542307423,325264,16277,916,58800000,7.3,112000,7.4,4600,31280,3
454,233555708,467613,20295,608,14000000,8.1,165000,8,5895,19775,4
218,169837010,97045,16179,285,40000000,5.7,55000,5.4,1140,14839,2
154,349424282,67223,53587,126,127000000,6.2,11000,6.1,1893,53189,3
351,268157400,216581,2771,397,18000000,6.4,21000,6.2,2773,2136,3
653,773328629,682155,32438,1097,170000000,8.1,96000,7.9,10014,31571,4
176,133821816,24735,4796,213,65000000,5.2,16000,6,472,4016,2
291,31554855,57210,22574,158,15000000,6.8,13000,6.5,545,22497,2
222,325771424,133436,16967,323,48000000,6,38000,6.1,2225,15394,3
153,373552094,60230,19963,118,132000000,6.7,11000,6.5,1375,19625,3
180,88880821,52894,1484,185,22000000,7.3,55000,7.3,516,1721,3
141,78874843,83893,20466,132,11000000,6.8,15000,7.3,1415,18617,3
422,956019788,354228,9152,802,250000000,7.5,65000,7.1,4884,6745,3
129,136621271,106820,3627,147,17000000,6.5,14000,6.4,1234,2250,2
156,97437106,45580,19513,102,50000000,7.3,18000,7.3,778,18708,3
378,1091405097,242420,3988,918,210000000,5.7,56000,5.8,3136,2738,3
253,53181600,87950,15428,207,28000000,6.5,15000,6.2,1145,14823,2
492,242688965,182910,14160,630,120000000,6.2,60000,5.7,2385,13294,2
156,41296320,54242,4662,145,19800000,6.6,14000,6.5,512,4138,2
314,268031828,128694,26489,657,140000000,6.1,51000,5.6,1957,24640,2
568,369330363,569841,4348,1127,61000000,8.1,146000,7.9,6023,23272,4
321,212902372,101178,62837,779,50000000,6,90000,5.6,1688,61252,3
403,752100229,305008,81385,591,125000000,6.7,52000,6.6,5767,70508,3
539,747862775,514125,91434,752,250000000,8,82000,7.5,6155,76000,3
359,222809600,200647,16967,384,50000000,7,24000,6.8,2302,15498,3
196,107670357,114294,30571,187,42000000,6.3,12000,6.1,1575,29516,2
292,609123048,221128,23378,343,145000000,7.9,46000,7.6,3163,22208,3
348,477200000,167089,2690,491,125000000,5.9,62000,5.8,2677,2544,3
149,15447154,48873,14617,105,22000000,6.3,11000,6.2,672,14505,1
576,714766572,496749,36188,742,170000000,7.8,55000,7.6,5881,32094,3
534,38697217,293304,15554,552,8500000,7.9,65000,7.6,3475,15392,2
313,50549107,99035,1411,289,60000000,6.2,17000,5.9,1194,1221,1
297,348319861,310903,1783,524,34000000,6.8,38000,7,5540,1313,3
371,154984035,102248,27674,403,70000000,6.1,34000,5.8,1545,26559,2
401,11110975,61935,707,242,20000000,6.7,18000,6.5,852,557,2
419,123726688,265507,14100,388,15000000,7.7,90000,7.8,3403,14145,3
712,675120017,928227,31488,2725,165000000,8.6,349000,8.1,11187,50000,4
276,83719388,136973,30183,275,50000000,7.4,47000,7.2,1433,27071,2
585,370541256,431620,12652,741,178000000,7.9,77000,7.6,4979,11581,3
330,188441614,258186,19428,322,50000000,7.1,24000,7,3375,18601,3
196,40100000,49948,1410,211,5000000,6.1,14000,6.1,788,1427,2
169,19682924,24854,15044,374,16000000,3.1,31000,3.7,396,13913,1
339,39407616,111102,49433,239,65000000,6.5,32000,6.3,1314,42436,1
349,52501541,86664,4896,252,15000000,7.1,38000,7,961,3644,2
355,103039258,172707,54031,462,100000000,6.3,37000,5.9,2339,51968,2
521,710644566,317542,14363,620,170000000,7.6,45000,7.3,4511,13082,3
293,12342632,247020,12239,835,44000000,6.6,50000,6.1,2340,11890,1
536,174600318,475518,15082,644,30000000,8.1,149000,8,4644,14670,3
261,215529201,138582,5178,423,70000000,6.3,37000,6.2,2439,4143,2
272,117831631,84508,1099,308,130000000,5.6,20000,5.2,1294,1586,1
285,108782847,92364,6807,244,9000000,6.5,15000,6.6,2008,3944,3
245,243400000,115687,16235,269,100000000,6,21000,5.6,1707,15887,2
366,337580051,225273,10583,523,110000000,6.2,71000,6.1,2438,8263,3
401,758539785,252257,15516,634,180000000,7,89000,7,4607,14017,3
326,307166834,249688,10565,548,12000000,7.8,93000,7.6,3868,9864,3
224,259207227,49207,3697,174,55000000,7.2,30000,7,899,2171,3
327,203277636,136954,7081,346,66000000,6.5,32000,6.1,1560,6540,2
275,54837234,72803,20330,171,13000000,7.3,33000,7.1,770,19411,3
588,103215094,395087,21668,1101,18000000,7.8,114000,7.4,4657,21529,3
163,2450846,32382,12897,99,5000000,7,13000,6.6,359,11703,1
198,66980456,86251,36064,260,25000000,6.5,58000,6.4,1859,33176,2
434,362637473,200022,32355,1240,125000000,5.8,71000,5.5,2408,29000,3
384,652105443,279093,2963,433,165000000,7.9,41000,7.8,6289,2075,4
459,288747895,341058,22226,713,85000000,6.7,49000,6.9,4784,20168,3
219,108255770,40883,3151,122,60000000,6.8,11000,6.6,689,2191,3
535,13092000,399138,26495,731,3300000,8.5,129000,8.3,4376,25646,3
435,469160692,246698,22128,471,60000000,7.8,64000,7.5,3127,21097,3
271,255273813,81699,2323,291,6500000,5.4,45000,5.5,1588,1761,3
433,126546825,327367,32325,918,40000000,6.4,83000,6.3,6048,30903,2
175,114178613,54501,17098,154,95000000,5.5,16000,5.2,980,15810,1
211,52597999,69355,1286,211,28000000,6.2,10000,6,896,1609,2
173,123494610,87165,49743,184,40000000,6.5,12000,6.6,1028,46887,3
320,206172544,127258,52610,351,90000000,6.1,56000,6.1,1830,50385,2
183,15520023,53341,1795,185,22500000,7.1,18000,6.8,439,1225,1
533,14674076,112899,1062,631,2000000,6.9,45000,6.6,1894,1083,2
406,211817906,303185,20411,701,68000000,7.6,82000,7.4,4028,20149,3
292,192330738,229574,37605,436,55000000,7.2,56000,7.1,2997,36528,3
183,103590271,31915,5056,159,5000000,4.4,18000,4.9,1006,2273,2
322,163442937,103589,2938,351,65000000,7.2,35000,7.3,1437,12932,3
270,62882090,44329,1565,309,1000000,5.7,13000,5.5,1092,1160,2
203,61619773,33856,17866,147,11000000,7.3,34000,7.3,454,17255,3
349,201634991,119928,2702,331,28000000,7.9,76000,7.7,1381,1762,3
117,63013281,50041,3386,116,34000000,7.1,23000,7.3,1083,3001,2
253,243637091,89770,35367,342,88000000,5.6,39000,5.6,2564,34000,3
289,93820758,71782,28328,161,100000000,7,27000,6.5,1300,29482,2
556,532950503,406020,57108,1188,135000000,8.1,190000,7.3,6558,56733,3
362,571006128,220020,4585,1360,40000000,4.1,101000,5.2,3350,3107,2
249,311256926,138246,2517,360,61000000,6.4,24000,6.5,3148,2235,3
165,368871007,70136,17883,214,135000000,6.7,26000,6.8,1539,17718,3
437,173567581,146708,15106,362,37000000,7.7,70000,7.3,1963,14128,3
308,1156730962,142403,13616,275,74000000,6.4,70000,6.4,4729,12022,3
739,378858340,552503,40025,1588,150000000,8.1,191000,7.3,9629,37693,4
596,155760117,272839,49912,1018,44000000,7.9,114000,7.6,4405,64000,3
517,519311965,313866,5730,549,130000000,7.4,61000,7,6029,4915,3
279,153962963,149337,11943,221,50100000,6.6,23000,6.7,2588,11372,3
443,209154322,128306,5046,497,190000000,6.5,37000,6.2,2904,3905,2
315,101134059,75329,75793,256,60000000,6.6,24000,6.4,1619,70737,2
260,42972994,87682,27659,174,25000000,7,43000,6.7,994,27546,2
389,653428261,166137,81385,383,160000000,6.6,38000,6.6,4117,70508,3
214,65663276,93767,15327,209,25000000,7.2,34000,7.4,2052,14043,3
305,91709827,147128,16881,277,30000000,7.5,44000,7.3,2112,17269,3
202,146936910,58752,16922,117,90000000,6,21000,5.7,1345,15442,2
421,35401758,161288,2499,351,6000000,8.3,72000,8.1,2838,2389,3
391,98837872,115216,63769,289,53000000,7,44000,6.3,1262,62108,2
204,104384188,66123,40312,219,31000000,6.1,28000,6.1,1218,38816,2
172,3324330,40568,27666,185,50000000,6.4,18000,6.1,565,27527,1
536,857611174,345198,2944,773,175000000,8.3,118000,7.9,6737,2151,4
644,1513528810,418214,8458,1290,150000000,7,150000,6.5,8842,6365,3
343,543514353,103749,4671,323,95000000,7,56000,6.7,2426,3022,3
44,100000000,62756,554,410,40000000,8.4,21000,7.5,138,473,3
261,17752940,38983,28129,207,70000000,5.4,11000,5.1,842,26627,1
361,203427584,134625,2131,265,55000000,7.1,40000,6.7,1805,1939,3
178,30523226,57674,17847,126,26000000,6.5,11000,6.3,1122,17829,2
208,246233113,27918,309,155,99000000,7.2,33000,6.5,608,242,3
152,473226958,56501,26839,97,80000000,6.7,16000,6.7,1528,24125,3
412,34441873,93548,28933,307,30000000,7.2,23000,6.8,1608,27816,2
424,1506249360,278232,79150,657,190000000,7.2,94000,7.3,4253,63000,3
425,40423945,66483,1122,452,3500000,6.8,43000,6.3,1471,1020,2
242,104303851,54190,2426,183,10000000,6.1,29000,6.3,1005,2358,2
489,36869414,289508,430,611,15000000,7.7,109000,7.6,4862,649,2
459,165478348,178118,16944,355,40000000,7.6,55000,7.2,2633,29958,3
369,167977596,110486,1261,695,120000000,4.3,41000,4.4,2322,1162,2
203,54418872,48675,259,214,5000000,6.8,16000,6.7,798,312,3
147,311594032,34359,5217,133,74000000,6,16000,5.7,733,2462,3
362,108145109,175960,15735,360,75000000,7.3,43000,7.1,2306,15613,2
236,71561644,76010,16992,205,50000000,6.6,15000,6.3,1169,15817,2
45,6485961,15978,5705,122,20000000,7.4,15000,7,190,3013,1
263,295238201,154621,22622,258,110000000,6.3,27000,6.2,3921,20124,3
478,84025816,196217,1467,461,30000000,7.6,59000,7.2,2465,1672,3
198,61548707,29867,4567,181,15000000,6.2,27000,5.9,601,4286,2
280,217022588,117739,30010,229,68000000,6.4,30000,6.2,2524,31000,2
119,97571250,28276,30230,64,64000000,7.8,31000,7.6,771,29054,2
332,140795793,94241,1450,309,35000000,6.3,25000,5.9,1193,1097,2
602,880674609,275868,11700,994,245000000,6.8,85000,6.3,4552,11554,3
189,52882018,25210,2403,126,10000000,5.2,13000,5.5,605,1643,2
635,1405403694,462669,92000,1117,280000000,7.5,118000,7.3,6908,66000,3
149,52425855,27198,4807,131,4000000,4.6,8000,4.1,1034,4148,2
218,158162788,47988,5497,154,58000000,6.4,35000,6.2,1022,3554,2
76,107597242,23473,3552,123,38000000,4.4,8000,5,576,1631,2
371,104399548,172965,23051,627,49000000,6.9,67000,6.6,3124,23164,3
256,128388320,39975,21404,186,150000000,5.8,24000,5.9,979,21409,1
474,440603537,188457,38873,867,155000000,6.6,82000,5.8,3677,36230,3
358,470490832,147497,16718,499,110000000,6.1,52000,6,3017,14946,3
221,287506194,97697,13159,185,29000000,6.5,40000,6.8,1997,11751,3
474,88346473,195333,1058,409,20000000,8.1,80000,7.8,2751,1300,3
465,682330139,232187,21840,440,150000000,7.4,47000,7.1,3274,20829,3
384,183987723,139593,47334,720,176000003,5.4,44000,5.2,2816,45000,1
241,194564672,130661,36010,304,35000000,7.2,54000,7.1,1926,34086,3
256,187112,30219,1885,200,4000000,5.6,22000,5.2,604,1451,1
298,331926147,62836,696,345,175000000,6.8,20000,6.6,1782,651,3
426,133346506,182983,57308,374,28000000,7.8,99000,7.3,2679,57052,3
371,98450062,65299,1010,455,5000000,6.2,27000,6,1405,840,2
568,630161890,472488,14831,1023,108000000,8.1,153000,7.6,7442,14173,3
579,783112979,479047,18239,1058,58000000,8.1,117000,7.4,11444,17250,3
196,334901337,40862,23031,139,90000000,6.9,15000,6.7,3362,23095,3
300,320170008,64989,2676,279,40000000,7.8,40000,7,2018,1911,3
267,415484914,40123,13752,297,120000000,7.1,31000,5.9,2386,14151,3
178,52099090,27481,3524,113,80000000,6.8,12000,6.3,597,1925,1
141,349779543,27130,24350,126,73000000,6.3,14000,5.9,1048,23421,3
418,745600054,118992,11287,971,175000000,6.9,80000,5.9,7717,11117,3
226,55969000,34964,24107,150,50000000,4.8,28000,4.7,814,23000,1
210,521170825,64322,36095,145,145000000,7.2,24000,6.7,1630,35972,3
225,205754447,69484,20276,323,60000000,5.9,28000,5.8,1656,19880,2
181,245623848,17533,8306,115,135000000,6.3,12000,5.8,984,6645,2
177,216972543,33354,14569,110,50000000,6.6,10000,6.2,1699,13531,3
165,875457937,24407,4782,155,75000000,6.8,36000,5.9,3536,2660,3
248,356743061,42372,21175,239,180000000,6.6,29000,5.5,2488,21385,3
252,183345589,12572,1950,106,140000000,6.8,27000,6,1026,15293,2
275,433677183,111609,5505,781,160000000,7.3,89000,6.3,2325,4364,3
516,1153304495,272670,64798,1022,250000000,8.2,72000,7.1,7462,51094,3
464,229147509,69790,2097,1211,144000000,5.5,62000,5.3,2203,1651,2
370,966550600,106221,32921,398,175000000,7.8,65000,6.7,2977,36591,3
181,179246868,44296,12452,144,110000000,5.8,12000,5.9,2064,12067,2
204,69411370,47764,3580,219,50000000,7.4,44000,7,963,2176,2
159,64188367,35654,4687,155,10000000,6,20000,5.8,1133,4483,2
78,143695338,408,3691,6,65000000,7.3,21000,6.2,697,3652,2
286,389681935,58137,3233,520,165000000,5.5,67000,4.9,2550,3013,2
194,109906372,55617,19974,266,38000000,5.2,14000,5.6,1993,18729,2
423,63647656,60926,38494,302,22000000,6.4,23000,5.7,1338,38000,2
231,164602163,37750,46719,134,115000000,6.1,16000,6,1575,46019,2
158,94073028,49671,24063,166,11500000,6,11000,5.7,1429,23273,2
79,25035950,3077,12786,47,50000000,6.7,10000,6.6,439,12233,1
151,207945075,44723,21852,130,20000000,7.6,51000,7.6,2674,21435,3
65,140705322,3302,15795,14,19000000,7.5,13000,5.6,2310,15370,2
411,108286421,126893,14504,440,15000000,7.3,33000,6.8,2537,14436,3
396,543934787,148379,49684,622,178000000,7.3,54000,6.4,4831,48000,3
673,873260194,371639,24450,3018,250000000,6.9,197000,5.7,7189,21000,3
322,343471816,53607,1327,432,185000000,7.5,30000,6.6,2636,1903,3
218,299370084,21352,80806,131,170000000,6.4,30000,6.5,1782,76033,3
184,150680864,51892,19769,273,140000000,5.5,24000,5.2,1303,19513,1
250,183316455,488537,4228,1076,18500000,8.4,18000,7.7,3282,3230,3
173,356830601,219171,13069,388,15000000,6.9,19000,6.7,1736,23555,3
94,320145693,55101,1639,201,14000000,6.9,3000,6.6,305,1624,3
68,354704,2705,11083,38,1300000,5.9,314,6.7,27,11040,1
217,98235548,290949,4223,629,18000000,7.8,13000,7.3,2129,3117,3
185,30857814,294163,20060,718,16000000,8.1,33000,7.6,1518,19230,2
84,189015611,92106,14574,171,63000000,5.7,2000,5.7,703,14359,2
24,84460846,61753,1833,133,12300000,7.3,5000,7,660,1806,3
109,73326666,189413,1953,306,15000000,7.5,15000,7.1,1475,14834,3
233,140767956,592582,40585,722,28000000,8.2,25000,7.5,4005,38864,3
100,412800000,383784,12285,331,25000000,8,12000,7.6,1762,11798,3
172,13008928,73501,837,333,4000000,7.3,27000,7.1,562,639,2
35,20256975,7569,5282,65,7000000,5.2,978,4.9,51,2657,1
125,332000000,340085,3660,327,40000000,7.8,12000,7.4,3926,2559,3
96,235860116,277451,51609,491,16400000,8,23000,8.1,2786,51608,4
72,161001698,76842,12098,173,14000000,7.2,4000,6.7,403,11414,3
186,411348924,269033,2725,817,35000000,7.6,12000,7,2145,14957,3
61,145793296,72324,12619,134,7500000,7.4,3000,7,358,11912,3
132,48572000,90070,3119,248,11000000,7.1,11000,6.6,882,1828,2
111,53000000,357581,42330,588,20000000,7.9,16000,7.5,3731,54625,2
82,463000000,213476,11135,271,14000000,6.9,11000,7,1807,9695,3
192,46836394,728685,24783,989,25000000,8.7,25000,8.2,3211,40489,3
210,520000000,744891,2829,983,100000000,8.5,13000,7.7,4274,1923,3
75,300854823,182802,64259,363,70000000,6.7,13000,6.7,1563,76000,3
55,191502426,96607,3696,125,30000000,6.8,5000,6.7,871,2624,3
91,34872033,30765,42002,252,11000000,4.9,963,5.1,280,41253,1
84,41895491,63274,12947,170,24000000,7.6,12000,7.2,346,12604,2
49,149022650,78974,25599,173,55000000,6.4,8000,6.3,655,24812,2
173,14661007,664719,28994,931,1200000,8.4,19000,8.1,3821,44455,3
131,159157447,277505,28544,495,14000000,8.3,10000,7.7,1133,43638,3
181,215862692,143835,42220,654,40000000,7.5,14000,7.1,1087,40000,3
122,12281551,163492,23602,460,12500000,8,15000,7.5,762,33975,1
36,39514713,60494,1275,132,28000000,6.7,16000,6.5,491,1228,2
174,321365567,865020,15233,1273,22000000,8.9,41000,8.3,4436,29007,4
147,70906973,437418,15500,609,14600000,8.1,38000,7.4,2358,25083,3
46,54207,10182,1362,130,2000000,5.9,810,5.9,88,1243,1
30,3275585,10735,13160,88,11500000,6.6,561,5.7,36,11296,1
80,10032765,171882,69746,292,11000000,7.8,14000,7.5,943,70001,1
84,56505065,95241,4453,439,25000000,7.8,11000,7.4,632,3364,2
186,788241776,644348,6458,656,45000000,8.5,17000,8,5520,3761,4
43,51132598,76850,4767,85,30000000,6.4,1000,6.4,535,3895,2
149,677945399,1251222,15700,1398,55000000,8.8,59000,8.2,8147,15488,4
120,223664608,239752,25697,406,60000000,7.6,11000,7.2,1558,25277,3
118,94000000,136580,2630,545,15000000,7.6,15000,7.3,980,1976,3
199,28341469,1689764,13495,4144,25000000,9.3,108000,8.5,8358,12206,3
39,117615211,45798,4043,94,45000000,6.7,1000,6.4,287,2490,2
57,160638883,112175,26388,329,30000000,7.5,11000,7.2,636,24298,3
36,119208989,60293,1093,114,50000000,5.5,669,5.5,445,1544,3
215,213928762,1324680,16557,2195,8000000,8.9,45000,8.3,8670,30759,3
159,355237933,208817,17171,296,52000000,7.6,5000,7.3,1637,18520,2
79,254134910,94435,1185,182,30000000,6.8,5000,6,756,1085,1
59,21284514,34774,3598,162,20000000,6.8,1000,6.7,177,3260,3